"original_name";"name_clear"
"Alstromemeria pallida";"Alstromemeria pallida"
"Hippeastrum uniflorum";"Hippeastrum uniflorum"
"Leucocoryne ixioides";"Leucocoryne ixioides"
"Leucocoryne pauciflora";"Leucocoryne pauciflora"
"Nothoscordum andinum";"Nothoscordum andinum"
"Rhodophiala montana";"Rhodophiala montana"
"Tristagama bivalve";"Tristagama bivalve"
"Tristagama nivale";"Tristagama nivale"
"Tristagama sessile";"Tristagama sessile"
"Berberis empetrifolia";"Berberis empetrifolia"
"Berberis montana";"Berberis montana"
"Cynoglossum creticum";"Cynoglossum creticum"
"Trichocereus chiloensis";"Trichocereus chiloensis"
"Cerastium arvense";"Cerastium arvense"
"Chaetanthera euphrasioides";"Chaetanthera euphrasioides"
"Chaetanthera microphylla";"Chaetanthera microphylla"
"Chuquiraga oppositifolia";"Chuquiraga oppositifolia"
"Haplopappus chysanthemifolius";"Haplopappus chysanthemifolius"
"Haplopappus sericeus";"Haplopappus sericeus"
"Hypochoeris sp.";"Hypochoeris"
"Leuceria landbeckii";"Leuceria landbeckii"
"Madia sativa";"Madia sativa"
"Mustisia acerosa";"Mustisia acerosa"
"Mustisia sinuata";"Mustisia sinuata"
"Mustisia subulata";"Mustisia subulata"
"Nardophyllum lanatum";"Nardophyllum lanatum"
"Nassauvia heterophylla";"Nassauvia heterophylla"
"Perezia carthamoides";"Perezia carthamoides"
"Senecio bustillosianus";"Senecio bustillosianus"
"Senecio erucaeformis";"Senecio erucaeformis"
"Senecio francisci";"Senecio francisci"
"Senecio lithostaurus";"Senecio lithostaurus"
"Cardamine nivalis";"Cardamine nivalis"
"Lepidium suffruticosum";"Lepidium suffruticosum"
"Euphorbia portulacoides";"Euphorbia portulacoides"
"Erodium cicutarium";"Erodium cicutarium"
"Phacelia secunda";"Phacelia secunda"
"Sisyrinchium arenarium";"Sisyrinchium arenarium"
"Sisyrinchium junceum";"Sisyrinchium junceum"
"Sisyrinchium philippii";"Sisyrinchium philippii"
"Solenomelus sisyrinchium";"Solenomelus sisyrinchium"
"Stachys albicaulis";"Stachys albicaulis"
"Adesmia aconcaguensis";"Adesmia aconcaguensis"
"Adesmia brachysemon";"Adesmia brachysemon"
"Adesmia conferta";"Adesmia conferta"
"Adesmia exilis";"Adesmia exilis"
"Adesmia montana";"Adesmia montana"
"Adesmia radicifolia";"Adesmia radicifolia"
"Anarthrophyllum cumingii";"Anarthrophyllum cumingii"
"Astragalus curvicaulis";"Astragalus curvicaulis"
"Astragalus sp.";"Astragalus"
"Lathyrus subandinus";"Lathyrus subandinus"
"Lupinus microcarpus";"Lupinus microcarpus"
"Loasa heterophylla";"Loasa heterophylla"
"Loasa sigmoidea";"Loasa sigmoidea"
"Scypanthus elegans";"Scypanthus elegans"
"Malesherbia linearifolius";"Malesherbia linearifolius"
"Clarkia tenella";"Clarkia tenella"
"Oenothera acaulis";"Oenothera acaulis"
"Oxalis geminata";"Oxalis geminata"
"Oxalis sp.2";"Oxalis"
"Collomia biflora";"Collomia biflora"
"Calandrinia affinis";"Calandrinia affinis"
"Calandrinia uspallatensis";"Calandrinia uspallatensis"
"Barneoudia chilensis";"Barneoudia chilensis"
"Barneoudia major";"Barneoudia major"
"Acaena pinnatifida";"Acaena pinnatifida"
"Tetraglochin alatum";"Tetraglochin alatum"
"Quinchamalium chilensis";"Quinchamalium chilensis"
"Calceolaria arachnoides";"Calceolaria arachnoides"
"Calceolaria biflora";"Calceolaria biflora"
"Calceolaria montana";"Calceolaria montana"
"Calceolaria sp.";"Calceolaria"
"Schizanthus garhamii";"Schizanthus garhamii"
"Schizanthus hookeri";"Schizanthus hookeri"
"Solanum tomatillo";"Solanum tomatillo"
"Salpiglossus sp.";"Salpiglossus"
"Tropaeolum polyphyllum";"Tropaeolum polyphyllum"
"Tropaeolum sessilifolium";"Tropaeolum sessilifolium"
"Tropaeolum tricolor";"Tropaeolum tricolor"
"Asteriscium aemocarpon";"Asteriscium aemocarpon"
"Bowlesia tropaeolifolia";"Bowlesia tropaeolifolia"
"Mulinum spinosum";"Mulinum spinosum"
"Sanicula graveolens";"Sanicula graveolens"
"Valeriana gracileps";"Valeriana gracileps"
"Verbena scoparia";"Verbena scoparia"
"Viola atropurpurea";"Viola atropurpurea"
"Alloscirtetica gayi";"Alloscirtetica gayi"
"Alloscirtetica sp.";"Alloscirtetica"
"Anthidium funereum";"Anthidium funereum"
"Megachile semirufa";"Megachile semirufa"
"Panurgineae sp.";"Panurgineae"
"Troch n.i.";"Troch"
"Lepidoptera n.i.";"Lepidoptera"
"Caenohalictus sp.";"Caenohalictus"
"Diptera n.i.";"Diptera"
"Scaeva melanostoma";"Scaeva melanostoma"
"Megachile sp. 1";"Megachile"
"Hypodynerus chiliotus";"Hypodynerus chiliotus"
"Tachinidae n.i.";"Tachinidae"
"Sarcophagidae n.i.";"Sarcophagidae"
"Hymenoptera n.i.";"Hymenoptera"
"Liphanthus sabulosus";"Liphanthus sabulosus"
"Liphanthus sp.2";"Liphanthus"
"Habromyia lipoflava";"Habromyia lipoflava"
"Bibionidae  sp.1";"Bibionidae"
"Bibionidae  sp. 2";"Bibionidae"
"Coleoptera n.i.";"Coleoptera"
"Lycophlaeba lugubris";"Lycophlaeba lugubris"
"Villa  gayi";"Villa  gayi"
"Villa  hypoxantha";"Villa  hypoxantha"
"Villa  semifuscata";"Villa  semifuscata"
"Villa  sp. ";"Villa"
"Villa  arenarius";"Villa  arenarius"
"Spathipalpus philippii";"Spathipalpus philippii"
"Eurygostomyia philippii";"Eurygostomyia philippii"
"Faunula leucoglene";"Faunula leucoglene"
"Auca coctei-pales";"Auca coctei-pales"
"Bombus dahlbomii";"Bombus dahlbomii"
"Centris nigerrima";"Centris nigerrima"
"Etcheverrius chilensis";"Etcheverrius chilensis"
"Tatochila mercedis";"Tatochila mercedis"
"Tatochila blanchardii";"Tatochila blanchardii"
"Yramea lathonoides";"Yramea lathonoides"
"Centris cineraria";"Centris cineraria"
"Ruizantheda mutabilis";"Ruizantheda mutabilis"
"Corynura sp.";"Corynura"
"Dialictus sp.";"Dialictus"
"Hemicolletes ruizi";"Hemicolletes ruizi"
"Isepeolus niveiventris";"Isepeolus niveiventris"
"Anthidium chilensis";"Anthidium chilensis"
"Dasybasis sp. 1";"Dasybasis"
"Vibrissomyia sp.";"Vibrissomyia"
"Villa  verdensis";"Villa  verdensis"
"Ruiziella luctuosa";"Ruiziella luctuosa"
"Truphoecus bellus";"Truphoecus bellus"
"Anthophora incerta";"Anthophora incerta"
"Eristalis tenax";"Eristalis tenax"
"Andinus venustus";"Andinus venustus"
"Hypodynerus  sp. 3";"Hypodynerus"
"Chilicola  sp.";"Chilicola"
"Hypsochila wagenknecti";"Hypsochila wagenknecti"
"Bombyllidae n.i.";"Bombyllidae"
"Vespidae n.i.";"Vespidae"
"Tabanidae n.i.";"Tabanidae"
"Alloscirtetica rufitarsis";"Alloscirtetica rufitarsis"
"Anthidium decaspilum";"Anthidium decaspilum"
"Anthidium gayi";"Anthidium gayi"
"Anthidium adriani";"Anthidium adriani"
"Anthidium sp.";"Anthidium"
"Anthophora sp.";"Anthophora"
"Cadeguala occidentalis";"Cadeguala occidentalis"
"Colletes araucariae";"Colletes araucariae"
"Lithurgomma wagenknechti";"Lithurgomma wagenknechti"
"Scaptia atra";"Scaptia atra"
"Svastrides melanura";"Svastrides melanura"
"Tapinotaspis herbsti";"Tapinotaspis herbsti"
"Tapinotaspis caerulea";"Tapinotaspis caerulea"
"Caenohalictus sp. 2";"Caenohalictus"
"Caenohalictus sp. 3";"Caenohalictus"
"Megachile sp. 2";"Megachile"
"Elaphroptera relicta";"Elaphroptera relicta"
"Chilimelissa sp.";"Chilimelissa"
"Xanthocolletes sicheli";"Xanthocolletes sicheli"
"Mesonychium gayi";"Mesonychium gayi"
"Pseudolucia chilensis";"Pseudolucia chilensis"
"Xanthocolletes incahuasi";"Xanthocolletes incahuasi"
"Xanthocolletes sp.";"Xanthocolletes"
"Caupolicana dimidiata";"Caupolicana dimidiata"
"Hypodynerus sp.2";"Hypodynerus"
"Colletes fulvipes";"Colletes fulvipes"
"Colletes sp.";"Colletes"
"Coelioxys sp.";"Coelioxys"
"Muscidae sp.";"Muscidae"
"Phulia nymphula";"Phulia nymphula"
"Prosopochaeta caliginosa";"Prosopochaeta caliginosa"
"Agromyzidae sp.1";"Agromyzidae"
"Agromyzidae sp.2";"Agromyzidae"
"Anthomyiidae sp.2";"Anthomyiidae"
"Dasybasis sp. 2";"Dasybasis"
"Centris sp.";"Centris"
"Villa  guttapennis";"Villa  guttapennis"
"Anthomyiidae  sp.4";"Anthomyiidae"
"Villa  durvillei";"Villa  durvillei"
"Chaetodemoticus chilensis";"Chaetodemoticus chilensis"
