"original_name";"name_clear"
"Justicia galapagana";"Justicia galapagana"
"Tetramerium nervosum";"Tetramerium nervosum"
"Sesuvium portulacastrum";"Sesuvium portulacastrum"
"Catharanthus roseus";"Catharanthus roseus"
"Vallesia glabra";"Vallesia glabra"
"Ageratum conyzoides";"Ageratum conyzoides"
"Bidens pilosa";"Bidens pilosa"
"Darwiniothamnus tenuifolius";"Darwiniothamnus tenuifolius"
"Encelia hispida";"Encelia hispida"
"Jaegeria gracilis";"Jaegeria gracilis"
"Macraea laricifolia";"Macraea laricifolia"
"Scalesia affinis";"Scalesia affinis"
"Scalesia beurii";"Scalesia beurii"
"Scalesia helleri";"Scalesia helleri"
"Scalesia pedunculata";"Scalesia pedunculata"
"Scalesia sp.";"Scalesia"
"Sonchus oleraceus";"Sonchus oleraceus"
"Avicennia germinans";"Avicennia germinans"
"Cordia leucophlyctis";"Cordia leucophlyctis"
"Cordia lutea";"Cordia lutea"
"Cordia sp.";"Cordia"
"Tournefortia psilostachya";"Tournefortia psilostachya"
"Tournefortia rufo-sericea";"Tournefortia rufo-sericea"
"Brassica campestris";"Brassica campestris"
"Bursera graveolens";"Bursera graveolens"
"Opuntia echios";"Opuntia echios"
"Opuntia echios gig.";"Opuntia echios gig."
"Opuntia helleri";"Opuntia helleri"
"Opuntia megasperma";"Opuntia megasperma"
"Opuntia sp.";"Opuntia"
"Opuntia sp..1";"Opuntia"
"Caesalpinia pulcherrima";"Caesalpinia pulcherrima"
"Cassia occidentalis";"Cassia occidentalis"
"Cassia picta";"Cassia picta"
"Cassia sp.";"Cassia"
"Parkinsonia aculeata";"Parkinsonia aculeata"
"Canna sp.";"Canna"
"Carica papaya";"Carica papaya"
"Ipomoea linearifolia";"Ipomoea linearifolia"
"Ipomoea pes-caprae";"Ipomoea pes-caprae"
"Ipomoea sp.";"Ipomoea"
"Cucurbita pepo";"Cucurbita pepo"
"Mormordica charantia";"Mormordica charantia"
"Croton scouleri";"Croton scouleri"
"Euphorbia cyathophora";"Euphorbia cyathophora"
"Crotalaria incana";"Crotalaria incana"
"Galactea striata";"Galactea striata"
"Geoffroea spinosa";"Geoffroea spinosa"
"Piscidia carthagenesis";"Piscidia carthagenesis"
"Rhynchosia minima";"Rhynchosia minima"
"Vigna luteola";"Vigna luteola"
"Scaveola plumieri";"Scaveola plumieri"
"Persea maericana";"Persea maericana"
"Mentzelia aspera";"Mentzelia aspera"
"Cuphea racemosa";"Cuphea racemosa"
"Abelmoschus manihot";"Abelmoschus manihot"
"Abutilon depauperatum";"Abutilon depauperatum"
"Bastardia viscosa";"Bastardia viscosa"
"Gossypium barbadense";"Gossypium barbadense"
"Gossypium sp.";"Gossypium"
"Hibiscus teliaceus";"Hibiscus teliaceus"
"Malvastrum coromandelianum";"Malvastrum coromandelianum"
"Sida acuta";"Sida acuta"
"Sida paniculata";"Sida paniculata"
"Sida rhombifolia";"Sida rhombifolia"
"Sida spinosa";"Sida spinosa"
"Miconia robinsoniana";"Miconia robinsoniana"
"Acacia insulae-iacobi";"Acacia insulae-iacobi"
"Acacia macracantha";"Acacia macracantha"
"Inga edulis";"Inga edulis"
"Prosopis juliflora";"Prosopis juliflora"
"Psidium guajava";"Psidium guajava"
"Nolana galapagensis";"Nolana galapagensis"
"Bougainvillea spectabilis";"Bougainvillea spectabilis"
"Commicarpus tuberosus";"Commicarpus tuberosus"
"Cryptocarpus pyriformis";"Cryptocarpus pyriformis"
"Mirabilis jalapa";"Mirabilis jalapa"
"Passiflora foetida";"Passiflora foetida"
"Plumbago scandens";"Plumbago scandens"
"Setaria geniculta";"Setaria geniculta"
"Polygonum opelousanum";"Polygonum opelousanum"
"Portulaca oleracea";"Portulaca oleracea"
"Chicocca alba";"Chicocca alba"
"Coffea arabica";"Coffea arabica"
"Diodia radula";"Diodia radula"
"Psychotria rufipes";"Psychotria rufipes"
"Cardiospermum galapageium";"Cardiospermum galapageium"
"Bacopa monniera";"Bacopa monniera"
"Galvezia leucantha";"Galvezia leucantha"
"Galvezia leucantha pubesc.";"Galvezia leucantha pubesc."
"Castela galapageia";"Castela galapageia"
"Cacabus miersii";"Cacabus miersii"
"Capsicum frutescens";"Capsicum frutescens"
"Lycopersicon cheesmanii";"Lycopersicon cheesmanii"
"Lycopersicon cheesmanii minor";"Lycopersicon cheesmanii minor"
"Physalis pubescens";"Physalis pubescens"
"Solanum americanum";"Solanum americanum"
"Waltheria ovata";"Waltheria ovata"
"Clerodendrum molle glabr.";"Clerodendrum molle glabr."
"Clerodendrum molle";"Clerodendrum molle"
"Clerodendrum molle var.";"Clerodendrum molle var."
"Lantana peducularis";"Lantana peducularis"
"Phyla sp.";"Phyla"
"Stachtarpheta cayanensis";"Stachtarpheta cayanensis"
"Tribulus cistoides";"Tribulus cistoides"
"Leptotes parrhasioides";"Leptotes parrhasioides"
"Phoebis sennae";"Phoebis sennae"
"acrididae";"acrididae"
"Toxomerus crockeri";"Toxomerus crockeri"
"Urbanus dorantes galap.";"Urbanus dorantes galap."
"Wasmannia auropunctata";"Wasmannia auropunctata"
"Xylocopa darwini";"Xylocopa darwini"
"Atteva hysginiella";"Atteva hysginiella"
"Darwinysius marginalis";"Darwinysius marginalis"
"Goniozus sp.";"Goniozus"
"Lepidanthrax tinctus";"Lepidanthrax tinctus"
"gelechioidea";"gelechioidea"
"tortricidae";"tortricidae"
"Olcella sp.";"Olcella"
"Orthoperus sp.";"Orthoperus"
"Heliothis cystiphora";"Heliothis cystiphora"
"pyralidae";"pyralidae"
"Mythenteles sp.";"Mythenteles"
"Rhinacloa sp.";"Rhinacloa"
"Paratrechina longicornis";"Paratrechina longicornis"
"Tapinoma melanocephalum";"Tapinoma melanocephalum"
"Disclisioprocta stellata";"Disclisioprocta stellata"
"Amblycerus piurae";"Amblycerus piurae"
"Camponotus planus";"Camponotus planus"
"Chrysopa sp.";"Chrysopa"
"Enyo lugubris delanoi";"Enyo lugubris delanoi"
"Euchrombius ocellus";"Euchrombius ocellus"
"hemerobiidae";"hemerobiidae"
"Hypasclera collenettei";"Hypasclera collenettei"
"Hypasclera sp.";"Hypasclera"
"Manduca rustica";"Manduca rustica"
"Melipotis indomita";"Melipotis indomita"
"Metacanthus galapagensis";"Metacanthus galapagensis"
"Monomorium floricola";"Monomorium floricola"
"Oxacis sp.";"Oxacis"
"Paratrechina vaga";"Paratrechina vaga"
"Perepitragus fascipes";"Perepitragus fascipes"
"Utetheisa galapagensis";"Utetheisa galapagensis"
"Psedoplusia includens";"Psedoplusia includens"
"Frankliniella sp.";"Frankliniella"
"cicadellidae";"cicadellidae"
"Mordellistena galapagensis";"Mordellistena galapagensis"
"Ammophorus sp.";"Ammophorus"
"grillidae";"grillidae"
"Tetramorium guineense";"Tetramorium guineense"
"Agrius cingulatus";"Agrius cingulatus"
"Cardiocondyla nuda";"Cardiocondyla nuda"
"Naucles sp.";"Naucles"
"Ornebius erraticus";"Ornebius erraticus"
"miridae";"miridae"
"sphingidae";"sphingidae"
