"original_name";"name_clear"
"Anaspis funagata ";"Anaspis funagata "
"Bombus beaticola ";"Bombus beaticola "
"Eristalis tenax";"Eristalis tenax"
"Bombus honshuensis";"Bombus honshuensis"
"Bombus consobrinus ";"Bombus consobrinus "
"Bombus hypocrita";"Bombus hypocrita"
"Eusphalerum parallelum ";"Eusphalerum parallelum "
"Lasioglossum apristum";"Lasioglossum apristum"
"Meligethes morosus ";"Meligethes morosus "
"Oedemeronia subrobusta ";"Oedemeronia subrobusta "
"Bombus diversus";"Bombus diversus"
"Byturus affinis ";"Byturus affinis "
"Unidentified sp22 M_PL_056";"Unidentified"
"Meliscaeva cinctella";"Meliscaeva cinctella"
"Bombus ardens";"Bombus ardens"
"Cheilosia sp3 M_PL_056";"Cheilosia"
"Dolichovespula norvegicoides ";"Dolichovespula norvegicoides "
"Lasioglossum laeviventre ";"Lasioglossum laeviventre "
"Platycheirus scutatus";"Platycheirus scutatus"
"Parnara guttata ";"Parnara guttata "
"Melanostoma transversum ";"Melanostoma transversum "
"Pidonia grallatrix ";"Pidonia grallatrix "
"Cheilosia sp8 M_PL_056";"Cheilosia"
"Pidonia insuturata ";"Pidonia insuturata "
"Syrphus vitripennis ";"Syrphus vitripennis "
"Cheilosia motodomariensis ";"Cheilosia motodomariensis "
"Unidentified sp46 M_PL_056";"Unidentified"
"Pidonia testacea ";"Pidonia testacea "
"Chrysarthia viatica ";"Chrysarthia viatica "
"Unidentified sp23 M_PL_056";"Unidentified"
"Empis flavofasalis ";"Empis flavofasalis "
"Pidonia oyamae ";"Pidonia oyamae "
"Cheilosia sp5 M_PL_056";"Cheilosia"
"Epuraea fergeri ";"Epuraea fergeri "
"Syrphus ribessii ";"Syrphus ribessii "
"Unidentified sp25 M_PL_056";"Unidentified"
"Unidentified sp35 M_PL_056";"Unidentified"
"Cheilosia sp6 M_PL_056";"Cheilosia"
"Lasioglossum nipponense ";"Lasioglossum nipponense "
"Pseudalosterna misella ";"Pseudalosterna misella "
"Rhogogaster varipes";"Rhogogaster varipes"
"Cheilosia sp1 M_PL_056";"Cheilosia"
"Didea fasciata ";"Didea fasciata "
"Lasioglossum problematicum";"Lasioglossum problematicum"
"Pachytodes cometes ";"Pachytodes cometes "
"Unidentified sp37 M_PL_056";"Unidentified"
"Bornbus consobrinus ";"Bornbus consobrinus "
"Cheilosia sp12 M_PL_056";"Cheilosia"
"Lasioglossum atroglaucum ";"Lasioglossum atroglaucum "
"Melanostoma scalare";"Melanostoma scalare"
"Tachina jakovlevi ";"Tachina jakovlevi "
"Unidentified sp54 M_PL_056";"Unidentified"
"Unidentified sp84 M_PL_056";"Unidentified"
"Dolichovespula adulterina ";"Dolichovespula adulterina "
"Leptura arcuata ";"Leptura arcuata "
"Epuraea sp1 M_PL_056";"Epuraea"
"Lasioglossum albipes";"Lasioglossum albipes"
"Zophoessa callipteris ";"Zophoessa callipteris "
"Byturus sp1 M_PL_056";"Byturus"
"Cheilosia sp14 M_PL_056";"Cheilosia"
"Cheilosia sp16 M_PL_056";"Cheilosia"
"Corymbia variicornis ";"Corymbia variicornis "
"Metasyrphus ferquens ";"Metasyrphus ferquens "
"Nakanea vicaria ";"Nakanea vicaria "
"Platycheirus sp1 M_PL_056";"Platycheirus"
"Unidentified sp59 M_PL_056";"Unidentified"
"Unidentified sp73 M_PL_056";"Unidentified"
"Unidentified sp93 M_PL_056";"Unidentified"
"Adelphocoris rubripes ";"Adelphocoris rubripes "
"Anastrangalis acotodes ";"Anastrangalis acotodes "
"Anthocharis cardamines ";"Anthocharis cardamines "
"Byturus ohtai ";"Byturus ohtai "
"Calliphora sp1 M_PL_056";"Calliphora"
"Curculio convexus ";"Curculio convexus "
"Dexopollenia flava ";"Dexopollenia flava "
"Ectinohoplia obducta ";"Ectinohoplia obducta "
"Inachis io";"Inachis io"
"Oligoneura itoi ";"Oligoneura itoi "
"Onesia sp1 M_PL_056";"Onesia"
"Panorpodes paradoxa ";"Panorpodes paradoxa "
"Sphaerophoria meuthastri ";"Sphaerophoria meuthastri "
"Unidentified sp118 M_PL_056";"Unidentified"
"Unidentified sp77 M_PL_056";"Unidentified"
"Unidentified sp87 M_PL_056";"Unidentified"
"Alcis angulifera ";"Alcis angulifera "
"Andrena lapponica";"Andrena lapponica"
"Cheilosia sp11 M_PL_056";"Cheilosia"
"Cheilosia sp2 M_PL_056";"Cheilosia"
"Cheilosia sp9 M_PL_056";"Cheilosia"
"Colias erate ";"Colias erate "
"Conops flavipes";"Conops flavipes"
"Corymbia succedanea ";"Corymbia succedanea "
"Helophilus virgatus ";"Helophilus virgatus "
"Hoplia communis ";"Hoplia communis "
"Melanostoma mellinum";"Melanostoma mellinum"
"Metasyrphus luniger ";"Metasyrphus luniger "
"Papilio machaon";"Papilio machaon"
"Pieris napi";"Pieris napi"
"Speyeria aglaja ";"Speyeria aglaja "
"Syngrapha ain ";"Syngrapha ain "
"Unidentified sp105 M_PL_056";"Unidentified"
"Unidentified sp19 M_PL_056";"Unidentified"
"Unidentified sp3 M_PL_056";"Unidentified"
"Unidentified sp31 M_PL_056";"Unidentified"
"Unidentified sp45 M_PL_056";"Unidentified"
"Unidentified sp71 M_PL_056";"Unidentified"
"Xanthothyxus mongol ";"Xanthothyxus mongol "
"Andrena togashii ";"Andrena togashii "
"Anoploderomorpha excavata ";"Anoploderomorpha excavata "
"Balatala gracilis ";"Balatala gracilis "
"Cheilosia sp10 M_PL_056";"Cheilosia"
"Cheilosia sp13 M_PL_056";"Cheilosia"
"Corennys sericata ";"Corennys sericata "
"Crossocerus sp1 M_PL_056";"Crossocerus"
"Cryptocephalus approximatus ";"Cryptocephalus approximatus "
"Dasysyrphus bilineatus ";"Dasysyrphus bilineatus "
"Didea alneti ";"Didea alneti "
"Diglyphus minoeus ";"Diglyphus minoeus "
"Eristalis cerealis ";"Eristalis cerealis "
"Hoplia moerens";"Hoplia moerens"
"Lasioglossum sp.K1 ";"Lasioglossum"
"Lasioglossum sp.K2 ";"Lasioglossum"
"Lupesus moorii ";"Lupesus moorii "
"Meliscaeva omogensis ";"Meliscaeva omogensis "
"Mesembrina resplendens ";"Mesembrina resplendens "
"Micadocantharis japonicus ";"Micadocantharis japonicus "
"Mordellistena sp1 M_PL_056";"Mordellistena"
"Parastrangalis nymphula ";"Parastrangalis nymphula "
"Phytomia zonata ";"Phytomia zonata "
"Pidonia aegrota ";"Pidonia aegrota "
"Pidonia masakii ";"Pidonia masakii "
"Pidonia puziloi ";"Pidonia puziloi "
"Pidonia signata ";"Pidonia signata "
"Pidonia signifera ";"Pidonia signifera "
"Platycheirus ambiguus ";"Platycheirus ambiguus "
"Syrphus sp1 M_PL_056";"Syrphus"
"Tachina politula ";"Tachina politula "
"Unidentified sp104 M_PL_056";"Unidentified"
"Unidentified sp108 M_PL_056";"Unidentified"
"Unidentified sp129 M_PL_056";"Unidentified"
"Unidentified sp15 M_PL_056";"Unidentified"
"Unidentified sp26 M_PL_056";"Unidentified"
"Unidentified sp30 M_PL_056";"Unidentified"
"Unidentified sp42 M_PL_056";"Unidentified"
"Unidentified sp56 M_PL_056";"Unidentified"
"Unidentified sp58 M_PL_056";"Unidentified"
"Unidentified sp63 M_PL_056";"Unidentified"
"Unidentified sp74 M_PL_056";"Unidentified"
"Unidentified sp8 M_PL_056";"Unidentified"
"Unidentified sp82 M_PL_056";"Unidentified"
"Unidentified sp85 M_PL_056";"Unidentified"
"Unidentified sp86 M_PL_056";"Unidentified"
"Unidentified sp89 M_PL_056";"Unidentified"
"Vespula schrenckii ";"Vespula schrenckii "
"Vollucella jeddona ";"Vollucella jeddona "
"Vollucella pellucens ";"Vollucella pellucens "
"Alphostrombocerus komowi ";"Alphostrombocerus komowi "
"Anaria funebris ";"Anaria funebris "
"Andrena aburana ";"Andrena aburana "
"Andrena brenihirtiscopa ";"Andrena brenihirtiscopa "
"Andrena longitibialis";"Andrena longitibialis"
"Andrena parathoracina ";"Andrena parathoracina "
"Andrena yamato ";"Andrena yamato "
"Anthaxia reticulata ";"Anthaxia reticulata "
"Antherophagus nigricornis ";"Antherophagus nigricornis "
"Apis mellifera";"Apis mellifera"
"Argynnis paphia ";"Argynnis paphia "
"Asemum amurense ";"Asemum amurense "
"Biphyllis throscoides ";"Biphyllis throscoides "
"Bombylius major";"Bombylius major"
"Bornbus beaticola ";"Bornbus beaticola "
"Byturus atricollis ";"Byturus atricollis "
"Calliphora sp2 M_PL_056";"Calliphora"
"Catoptria permiaca ";"Catoptria permiaca "
"Cheilosia sp15 M_PL_056";"Cheilosia"
"Cheilosia sp17 M_PL_056";"Cheilosia"
"Cheilosia sp18 M_PL_056";"Cheilosia"
"Cheilosia sp4 M_PL_056";"Cheilosia"
"Cheilosia sp7 M_PL_056";"Cheilosia"
"Chrysocharis sp1 M_PL_056";"Chrysocharis"
"Cosmia variegata ";"Cosmia variegata "
"Criorhina apicalis ";"Criorhina apicalis "
"Dasysyrphus tricinctus";"Dasysyrphus tricinctus"
"Dasytes vulgaris ";"Dasytes vulgaris "
"Didea nikkoensis ";"Didea nikkoensis "
"Dioctria nakanensis ";"Dioctria nakanensis "
"Episyrphus balteatus";"Episyrphus balteatus"
"Forficula mikado ";"Forficula mikado "
"Glyphipterix nigromarginata ";"Glyphipterix nigromarginata "
"Gnorimus subopacus ";"Gnorimus subopacus "
"Gonepteryx aspasia ";"Gonepteryx aspasia "
"Harmonia axyridis ";"Harmonia axyridis "
"Hoshihananomia perlata ";"Hoshihananomia perlata "
"Hylaeus paradifformis ";"Hylaeus paradifformis "
"Hylaeus thoracius ";"Hylaeus thoracius "
"Ischyrosyrphus glaucius ";"Ischyrosyrphus glaucius "
"Ischyrosyrphus laternarius ";"Ischyrosyrphus laternarius "
"Lasiogfossum apristum ";"Lasiogfossum apristum "
"Lasiogfossum laeviventre ";"Lasiogfossum laeviventre "
"Lasiogfossum problematicum ";"Lasiogfossum problematicum "
"Lasioglossum harmandi ";"Lasioglossum harmandi "
"Lasioglossum proximatum";"Lasioglossum proximatum"
"Lasioglossum sp1 M_PL_056";"Lasioglossum"
"Leptura ochraceofasciata ";"Leptura ochraceofasciata "
"Leucozona lucorum";"Leucozona lucorum"
"Libythea celtis ";"Libythea celtis "
"Ligus honshuensis ";"Ligus honshuensis "
"Lucilia sp1 M_PL_056";"Lucilia"
"Macroglossum fringilla ";"Macroglossum fringilla "
"Mallota dimorpha ";"Mallota dimorpha "
"Megachile sp1 M_PL_056";"Megachile"
"Megachile sumizome ";"Megachile sumizome "
"Megachile tsurugensis ";"Megachile tsurugensis "
"Melitaea niphora ";"Melitaea niphora "
"Metasyrphus sp1 M_PL_056";"Metasyrphus"
"Nemophora amurensis ";"Nemophora amurensis "
"Nomada issikii ";"Nomada issikii "
"Nomada sp1 M_PL_056";"Nomada"
"Oedemeronia manicata ";"Oedemeronia manicata "
"Ourapterix persica ";"Ourapterix persica "
"Papilio xuthus ";"Papilio xuthus "
"Papilla japonica ";"Papilla japonica "
"Parnassius gracialis ";"Parnassius gracialis "
"Phyllobius picepes ";"Phyllobius picepes "
"Pidonia semiobscura ";"Pidonia semiobscura "
"Pidonia yokoyamai ";"Pidonia yokoyamai "
"Platyptilia sachalinensis ";"Platyptilia sachalinensis "
"Podabrus malthinoides";"Podabrus malthinoides"
"Psithyrus norvegicus ";"Psithyrus norvegicus "
"Psychostrophia melanorgia ";"Psychostrophia melanorgia "
"Pyrrhata annulicornis ";"Pyrrhata annulicornis "
"Rapala erata ";"Rapala erata "
"Rhingia laevigata ";"Rhingia laevigata "
"Sitarea vibrissata ";"Sitarea vibrissata "
"Sphaerophoria javana ";"Sphaerophoria javana "
"Sphegina sp1 M_PL_056";"Sphegina"
"Stigmus sp1 M_PL_056";"Stigmus"
"Strongylogaster sp1 M_PL_056";"Strongylogaster"
"Tachina luteola ";"Tachina luteola "
"Tenthredo basizonata ";"Tenthredo basizonata "
"Tenthredo japonica ";"Tenthredo japonica "
"Unidentified sp1 M_PL_056";"Unidentified"
"Unidentified sp10 M_PL_056";"Unidentified"
"Unidentified sp100 M_PL_056";"Unidentified"
"Unidentified sp101 M_PL_056";"Unidentified"
"Unidentified sp102 M_PL_056";"Unidentified"
"Unidentified sp103 M_PL_056";"Unidentified"
"Unidentified sp106 M_PL_056";"Unidentified"
"Unidentified sp107 M_PL_056";"Unidentified"
"Unidentified sp109 M_PL_056";"Unidentified"
"Unidentified sp11 M_PL_056";"Unidentified"
"Unidentified sp110 M_PL_056";"Unidentified"
"Unidentified sp111 M_PL_056";"Unidentified"
"Unidentified sp112 M_PL_056";"Unidentified"
"Unidentified sp113 M_PL_056";"Unidentified"
"Unidentified sp114 M_PL_056";"Unidentified"
"Unidentified sp115 M_PL_056";"Unidentified"
"Unidentified sp116 M_PL_056";"Unidentified"
"Unidentified sp117 M_PL_056";"Unidentified"
"Unidentified sp119 M_PL_056";"Unidentified"
"Unidentified sp12 M_PL_056";"Unidentified"
"Unidentified sp120 M_PL_056";"Unidentified"
"Unidentified sp121 M_PL_056";"Unidentified"
"Unidentified sp122 M_PL_056";"Unidentified"
"Unidentified sp123 M_PL_056";"Unidentified"
"Unidentified sp124 M_PL_056";"Unidentified"
"Unidentified sp125 M_PL_056";"Unidentified"
"Unidentified sp126 M_PL_056";"Unidentified"
"Unidentified sp127 M_PL_056";"Unidentified"
"Unidentified sp128 M_PL_056";"Unidentified"
"Unidentified sp13 M_PL_056";"Unidentified"
"Unidentified sp130 M_PL_056";"Unidentified"
"Unidentified sp131 M_PL_056";"Unidentified"
"Unidentified sp132 M_PL_056";"Unidentified"
"Unidentified sp133 M_PL_056";"Unidentified"
"Unidentified sp134 M_PL_056";"Unidentified"
"Unidentified sp135 M_PL_056";"Unidentified"
"Unidentified sp136 M_PL_056";"Unidentified"
"Unidentified sp137 M_PL_056";"Unidentified"
"Unidentified sp138 M_PL_056";"Unidentified"
"Unidentified sp139 M_PL_056";"Unidentified"
"Unidentified sp14 M_PL_056";"Unidentified"
"Unidentified sp140 M_PL_056";"Unidentified"
"Unidentified sp141 M_PL_056";"Unidentified"
"Unidentified sp142 M_PL_056";"Unidentified"
"Unidentified sp143 M_PL_056";"Unidentified"
"Unidentified sp144 M_PL_056";"Unidentified"
"Unidentified sp145 M_PL_056";"Unidentified"
"Unidentified sp146 M_PL_056";"Unidentified"
"Unidentified sp147 M_PL_056";"Unidentified"
"Unidentified sp148 M_PL_056";"Unidentified"
"Unidentified sp149 M_PL_056";"Unidentified"
"Unidentified sp150 M_PL_056";"Unidentified"
"Unidentified sp151 M_PL_056";"Unidentified"
"Unidentified sp152 M_PL_056";"Unidentified"
"Unidentified sp153 M_PL_056";"Unidentified"
"Unidentified sp154 M_PL_056";"Unidentified"
"Unidentified sp155 M_PL_056";"Unidentified"
"Unidentified sp156 M_PL_056";"Unidentified"
"Unidentified sp16 M_PL_056";"Unidentified"
"Unidentified sp17 M_PL_056";"Unidentified"
"Unidentified sp18 M_PL_056";"Unidentified"
"Unidentified sp2 M_PL_056";"Unidentified"
"Unidentified sp20 M_PL_056";"Unidentified"
"Unidentified sp21 M_PL_056";"Unidentified"
"Unidentified sp24 M_PL_056";"Unidentified"
"Unidentified sp27 M_PL_056";"Unidentified"
"Unidentified sp28 M_PL_056";"Unidentified"
"Unidentified sp29 M_PL_056";"Unidentified"
"Unidentified sp32 M_PL_056";"Unidentified"
"Unidentified sp33 M_PL_056";"Unidentified"
"Unidentified sp34 M_PL_056";"Unidentified"
"Unidentified sp36 M_PL_056";"Unidentified"
"Unidentified sp38 M_PL_056";"Unidentified"
"Unidentified sp39 M_PL_056";"Unidentified"
"Unidentified sp4 M_PL_056";"Unidentified"
"Unidentified sp40 M_PL_056";"Unidentified"
"Unidentified sp41 M_PL_056";"Unidentified"
"Unidentified sp43 M_PL_056";"Unidentified"
"Unidentified sp44 M_PL_056";"Unidentified"
"Unidentified sp47 M_PL_056";"Unidentified"
"Unidentified sp48 M_PL_056";"Unidentified"
"Unidentified sp49 M_PL_056";"Unidentified"
"Unidentified sp5 M_PL_056";"Unidentified"
"Unidentified sp50 M_PL_056";"Unidentified"
"Unidentified sp51 M_PL_056";"Unidentified"
"Unidentified sp52 M_PL_056";"Unidentified"
"Unidentified sp53 M_PL_056";"Unidentified"
"Unidentified sp55 M_PL_056";"Unidentified"
"Unidentified sp57 M_PL_056";"Unidentified"
"Unidentified sp6 M_PL_056";"Unidentified"
"Unidentified sp60 M_PL_056";"Unidentified"
"Unidentified sp61 M_PL_056";"Unidentified"
"Unidentified sp62 M_PL_056";"Unidentified"
"Unidentified sp64 M_PL_056";"Unidentified"
"Unidentified sp65 M_PL_056";"Unidentified"
"Unidentified sp66 M_PL_056";"Unidentified"
"Unidentified sp67 M_PL_056";"Unidentified"
"Unidentified sp68 M_PL_056";"Unidentified"
"Unidentified sp69 M_PL_056";"Unidentified"
"Unidentified sp7 M_PL_056";"Unidentified"
"Unidentified sp70 M_PL_056";"Unidentified"
"Unidentified sp72 M_PL_056";"Unidentified"
"Unidentified sp75 M_PL_056";"Unidentified"
"Unidentified sp76 M_PL_056";"Unidentified"
"Unidentified sp78 M_PL_056";"Unidentified"
"Unidentified sp79 M_PL_056";"Unidentified"
"Unidentified sp80 M_PL_056";"Unidentified"
"Unidentified sp81 M_PL_056";"Unidentified"
"Unidentified sp83 M_PL_056";"Unidentified"
"Unidentified sp88 M_PL_056";"Unidentified"
"Unidentified sp9 M_PL_056";"Unidentified"
"Unidentified sp90 M_PL_056";"Unidentified"
"Unidentified sp91 M_PL_056";"Unidentified"
"Unidentified sp92 M_PL_056";"Unidentified"
"Unidentified sp94 M_PL_056";"Unidentified"
"Unidentified sp95 M_PL_056";"Unidentified"
"Unidentified sp96 M_PL_056";"Unidentified"
"Unidentified sp97 M_PL_056";"Unidentified"
"Unidentified sp98 M_PL_056";"Unidentified"
"Unidentified sp99 M_PL_056";"Unidentified"
"Vanessa indica ";"Vanessa indica "
"Vespa simillima";"Vespa simillima"
"Vespula austriaca ";"Vespula austriaca "
"Videa alneti ";"Videa alneti "
"Astilbe thunbergii";"Astilbe thunbergii"
"Reynoutria japonica";"Reynoutria japonica"
"Rodgersia podophylla";"Rodgersia podophylla"
"Cimicifuga simplex";"Cimicifuga simplex"
"Veratrum album oxysepalum";"Veratrum album oxysepalum"
"Pyrola alpina";"Pyrola alpina"
"Philadelphus satsumi";"Philadelphus satsumi"
"Lychnis gracillima";"Lychnis gracillima"
"Serratula coronata insularis";"Serratula coronata insularis"
"Veronicastrum sibiricum japonicum";"Veronicastrum sibiricum japonicum"
"Geranium eriostemon ";"Geranium eriostemon "
"Filipendula multifuga";"Filipendula multifuga"
"Cirsium effusum";"Cirsium effusum"
"Iris sanguinea";"Iris sanguinea"
"Lonicera alpigena ";"Lonicera alpigena "
"Elaeagnus montana";"Elaeagnus montana"
"Ligularia dentata";"Ligularia dentata"
"Rubus pungens ";"Rubus pungens "
"Cacalia adenostyloides";"Cacalia adenostyloides"
"Chamaenerion angustifolium";"Chamaenerion angustifolium"
"Enkianthus campanulatus";"Enkianthus campanulatus"
"Polygonatum lasianthum";"Polygonatum lasianthum"
"Pedicularis resupinata ";"Pedicularis resupinata "
"Cacalia hastata farfaraefolia";"Cacalia hastata farfaraefolia"
"Campanula punctata ";"Campanula punctata "
"Clinopodium chinense grandiflorum";"Clinopodium chinense grandiflorum"
"Patrinia triloba palmata";"Patrinia triloba palmata"
"Rubus idaeus f marmoratus";"Rubus idaeus f marmoratus"
"Menziesia pentandra";"Menziesia pentandra"
"Scabiosa japonica";"Scabiosa japonica"
"Ranunculus japonicus";"Ranunculus japonicus"
"Trollius hondoensis";"Trollius hondoensis"
"Libanotis coreana";"Libanotis coreana"
"Solidago virgaurea asiatica";"Solidago virgaurea asiatica"
"Anaphalis margaritacea";"Anaphalis margaritacea"
"Eupatorium chinense sachalinense";"Eupatorium chinense sachalinense"
"Senecio cannabifolius";"Senecio cannabifolius"
"Malus sieboldii";"Malus sieboldii"
"Aster ageratoides ovatus";"Aster ageratoides ovatus"
"Arabis lyrata kamtschatica";"Arabis lyrata kamtschatica"
"Senecio nemorensis";"Senecio nemorensis"
"Aster ageratoides amplexifolius";"Aster ageratoides amplexifolius"
"Dianthus superbus longicalycinus";"Dianthus superbus longicalycinus"
"Polemonium caeruleum yezoense";"Polemonium caeruleum yezoense"
"Pyrola incarnata";"Pyrola incarnata"
"Rhododendron wadanum";"Rhododendron wadanum"
"Hosta sieboldiana";"Hosta sieboldiana"
"Aconitum japonicum montanum";"Aconitum japonicum montanum"
"Aconitum senanense";"Aconitum senanense"
"Aquilegia buergeriana";"Aquilegia buergeriana"
"Synurus pungens";"Synurus pungens"
"Meehania urticifolia";"Meehania urticifolia"
"Prunus nipponica";"Prunus nipponica"
"Viburnum furcatum";"Viburnum furcatum"
"Oxalis acetosella";"Oxalis acetosella"
"Acer shirasawanum";"Acer shirasawanum"
"Cynanchum ascyrifolium";"Cynanchum ascyrifolium"
"Sorbus commixta";"Sorbus commixta"
"Euonymus macropterus";"Euonymus macropterus"
"Ribes maximowiczianum";"Ribes maximowiczianum"
"Angelica pubescens";"Angelica pubescens"
"Hydrangea paniculata";"Hydrangea paniculata"
"Fragaria nipponica";"Fragaria nipponica"
"Taraxacum hondoense";"Taraxacum hondoense"
"Potentilla freyniana";"Potentilla freyniana"
"Picris hieracioides japonica";"Picris hieracioides japonica"
"Weigela decora";"Weigela decora"
"Polygonatum macranthum";"Polygonatum macranthum"
"Angelica polymorpha";"Angelica polymorpha"
"Agrostis clavata";"Agrostis clavata"
"Aster glehni";"Aster glehni"
"Achillea alpina ";"Achillea alpina "
"Euphrasia maximowiczii";"Euphrasia maximowiczii"
"Patrinia villosa";"Patrinia villosa"
"Cypripedium guttatum ";"Cypripedium guttatum "
"Ixeris dentata";"Ixeris dentata"
"Thalictrum filamentosum tenerum";"Thalictrum filamentosum tenerum"
"Poa pratensis";"Poa pratensis"
"Pseudostellaria heterantha";"Pseudostellaria heterantha"
"Viburnum opulus ";"Viburnum opulus "
"Sedum aizoon";"Sedum aizoon"
"Prunus maximowiczii";"Prunus maximowiczii"
"Euonymus sieboldianus";"Euonymus sieboldianus"
"Acer ukurunduense";"Acer ukurunduense"
"Adenophora triphylla";"Adenophora triphylla"
"Gymnadenia conopsea";"Gymnadenia conopsea"
"Rhododendron degronianum";"Rhododendron degronianum"
"Viola grypoceras";"Viola grypoceras"
"Arabis hirsuta";"Arabis hirsuta"
"Veratrum maackii";"Veratrum maackii"
"Acer japonicum";"Acer japonicum"
